{"cameraMode":{"drawMode":0,"name":"Shaded","section":"Shading Mode"},"sceneLighting":true,"audioPlay":false,"sceneViewState":{"showFog":false,"showMaterialUpdate":true,"showSkybox":true,"showFlares":true,"showImageEffects":true,"showParticleSystems":true,"showVisualEffectGraphs":true,"m_FxEnabled":true},"in2DMode":false,"pivot":{"x":-101.18941497802735,"y":99.33728790283203,"z":50.38523483276367},"rotation":{"x":-0.006882195360958576,"y":0.8993565440177918,"z":-0.4371013343334198,"w":-0.014307024888694287},"size":3.4283478260040285,"orthographic":false}