{"cameraMode":{"drawMode":0,"name":"Shaded","section":"Shading Mode"},"sceneLighting":true,"audioPlay":false,"sceneViewState":{"showFog":false,"showMaterialUpdate":true,"showSkybox":true,"showFlares":true,"showImageEffects":true,"showParticleSystems":true,"showVisualEffectGraphs":true,"m_FxEnabled":true},"in2DMode":false,"pivot":{"x":122.29045104980469,"y":193.59011840820313,"z":-114.50676727294922},"rotation":{"x":0.12060493975877762,"y":0.005954444874078035,"z":-0.0007301480509340763,"w":0.992703914642334},"size":198.3134307861328,"orthographic":false}